{"cameraMode":{"drawMode":0,"name":"Shaded","section":"Shading Mode"},"sceneLighting":false,"audioPlay":false,"sceneViewState":{"showFog":true,"showMaterialUpdate":false,"showSkybox":false,"showFlares":true,"showImageEffects":true,"showParticleSystems":true},"in2DMode":false,"pivot":{"x":16.84715461730957,"y":-89.5445785522461,"z":219.63478088378907},"rotation":{"x":0.21921375393867494,"y":-0.11588100343942642,"z":0.02622462809085846,"w":0.9684262275695801},"size":235.8230438232422,"orthographic":false}