{"cameraMode":{"drawMode":0,"name":"Shaded","section":"Shading Mode"},"sceneLighting":true,"audioPlay":false,"sceneViewState":{"showFog":true,"showMaterialUpdate":false,"showSkybox":true,"showFlares":true,"showImageEffects":true,"showParticleSystems":true},"in2DMode":false,"pivot":{"x":188.49725341796876,"y":77.46318054199219,"z":3.5671334266662599},"rotation":{"x":0.37351351976394656,"y":0.008635558187961579,"z":-0.003475295379757881,"w":0.9275839924812317},"size":380.4623107910156,"orthographic":false}