{"cameraMode":{"drawMode":0,"name":"Shaded","section":"Shading Mode"},"sceneLighting":true,"audioPlay":false,"sceneViewState":{"showFog":true,"showMaterialUpdate":false,"showSkybox":true,"showFlares":true,"showImageEffects":true,"showParticleSystems":true},"in2DMode":false,"pivot":{"x":89.94634246826172,"y":27.202377319335939,"z":60.23676300048828},"rotation":{"x":-0.22507892549037934,"y":0.7326664924621582,"z":-0.2875902056694031,"w":-0.5744959115982056},"size":41.997474670410159,"orthographic":false}