{"cameraMode":{"drawMode":0,"name":"Shaded","section":"Shading Mode"},"sceneLighting":false,"audioPlay":false,"sceneViewState":{"showFog":true,"showMaterialUpdate":false,"showSkybox":false,"showFlares":true,"showImageEffects":true,"showParticleSystems":true},"in2DMode":false,"pivot":{"x":81.46324157714844,"y":47.334144592285159,"z":151.42005920410157},"rotation":{"x":0.4739784598350525,"y":-0.005010479129850864,"z":0.0026993481442332269,"w":0.880524754524231},"size":171.3056182861328,"orthographic":false}