{"cameraMode":{"drawMode":0,"name":"Shaded","section":"Shading Mode"},"sceneLighting":false,"audioPlay":false,"sceneViewState":{"showFog":true,"showMaterialUpdate":false,"showSkybox":false,"showFlares":true,"showImageEffects":true,"showParticleSystems":true},"in2DMode":false,"pivot":{"x":-0.502161979675293,"y":0.5613980293273926,"z":-1.4319450855255128},"rotation":{"x":0.18457935750484467,"y":-0.686555802822113,"z":0.18691474199295045,"w":0.6779686808586121},"size":10.042860984802246,"orthographic":false}