{"cameraMode":{"drawMode":0,"name":"Shaded","section":"Shading Mode"},"sceneLighting":false,"audioPlay":false,"sceneViewState":{"showFog":true,"showMaterialUpdate":false,"showSkybox":false,"showFlares":true,"showImageEffects":true,"showParticleSystems":true},"in2DMode":false,"pivot":{"x":107.66767120361328,"y":0.0236358642578125,"z":79.99942016601563},"rotation":{"x":0.4739784598350525,"y":-0.005010479129850864,"z":0.0026993481442332269,"w":0.880524754524231},"size":242.32217407226563,"orthographic":false}